{
  "type": "service_account",
  "project_id": "morai-test",
  "private_key_id": "f************",

  "private_key": "********************** <<< you need to make your private key >>> ************************",
  
  "client_email": "firebase-adminsdk-7uf7i@morai-test.iam.gserviceaccount.com",
  "client_id": "1**************",
  "auth_uri": "https://accounts.google.com/o/oauth2/auth",
  "token_uri": "https://oauth2.googleapis.com/token",
  "auth_provider_x509_cert_url": "https://www.googleapis.com/oauth2/v1/certs",
  "client_x509_cert_url": "https://www.googleapis.com/robot/v1/metadata/x509/firebase-adminsdk-7uf7i%40morai-test.iam.gserviceaccount.com"
}